Prefix,DXCC Entity,ISO2,ISO LOWER,Continent
1A,SMOM (Malteserorden),--,--,EU
1S,Spratly-Inseln,--,--,AS
3A,Monaco,MC,mc,EU
3B6,Agalega & St. Brandon,MU,mu,AF
3B8,Mauritius,MU,mu,AF
3C,Äquatorialguinea,GQ,gq,AF
3C0,Annabon,GQ,gq,AF
3D2,Fidschi,FJ,fj,OC
3D2C,Conway Reef,FJ,fj,OC
3D2R,Rotuma,FJ,fj,OC
3DA,Eswatini (Swasiland),SZ,sz,AF
3V,Tunesien,TN,tn,AF
3W,Vietnam,VN,vn,AS
3Y,Bouvetinsel,BV,bv,AN
3Y/P,Peter-I.-Insel,AQ,aq,AN
4L,Georgien,GE,ge,AS
4O,Montenegro,ME,me,EU
4S,Sri Lanka,LK,lk,AS
4U1ITU,ITU Genf,CH,ch,EU
4U1UN,UN Hauptquartier New York,US,us,NA
4W,Osttimor,TL,tl,AS
4X,Israel,IL,il,AS
4Z,Israel,IL,il,AS
5A,Libyen,LY,ly,AF
5B,Zypern,CY,cy,AS
5H,Tansania,TZ,tz,AF
5N,Nigeria,NG,ng,AF
5R,Madagaskar,MG,mg,AF
5T,Mauretanien,MR,mr,AF
5U,Niger,NE,ne,AF
5V,Togo,TG,tg,AF
5W,Westsamoa,WS,ws,OC
5X,Uganda,UG,ug,AF
5Y,Kenia,KE,ke,AF
6W,Senegal,SN,sn,AF
6Y,Jamaika,JM,jm,NA
7P,Lesotho,LS,ls,AF
7Q,Malawi,MW,mw,AF
7X,Algerien,DZ,dz,AF
8P,Barbados,BB,bb,NA
8Q,Malediven,MV,mv,AS
8R,Guyana,GY,gy,SA
9A,Kroatien,HR,hr,EU
9G,Ghana,GH,gh,AF
9H,Malta,MT,mt,EU
9J,Sambia,ZM,zm,AF
9K,Kuwait,KW,kw,AS
9L,Sierra Leone,SL,sl,AF
9M2,West-Malaysia,MY,my,AS
9M6,Ost-Malaysia,MY,my,AS
9N,Nepal,NP,np,AS
9U,Burundi,BI,bi,AF
9V,Singapur,SG,sg,AS
9X,Ruanda,RW,rw,AF
9Y,Trinidad & Tobago,TT,tt,NA
A2,Botswana,BW,bw,AF
A3,Tonga,TO,to,OC
A4,Oman,OM,om,AS
A5,Bhutan,BT,bt,AS
A6,Ver. Arabische Emirate,AE,ae,AS
A7,Katar,QA,qa,AS
A9,Bahrain,BH,bh,AS
AA,USA,US,us,NA
AB,USA,US,us,NA
AC,USA,US,us,NA
AD,USA,US,us,NA
AE,USA,US,us,NA
AF,USA,US,us,NA
AG,USA,US,us,NA
AH,USA,US,us,NA
AI,USA,US,us,NA
AJ,USA,US,us,NA
AK,USA,US,us,NA
B,China,CN,cn,AS
BS7,Scarborough Reef,--,--,AS
BV,Taiwan,TW,tw,AS
BY,China (Klubstationen),CN,cn,AS
C2,Nauru,NR,nr,OC
C3,Andorra,AD,ad,EU
C5,Gambia,GM,gm,AF
C6,Bahamas,BS,bs,NA
C9,Mosambik,MZ,mz,AF
CE,Chile,CL,cl,SA
CE0A,Osterinsel,CL,cl,OC
CE0X,San Felix,CL,cl,SA
CE0Z,Juan Fernandez,CL,cl,SA
CE9,Antarktis,AQ,aq,AN
CM,Kuba,CU,cu,NA
CN,Marokko,MA,ma,AF
CP,Bolivien,BO,bo,SA
CT,Portugal,PT,pt,EU
CT3,Madeira,PT,pt,AF
CU,Azoren,PT,pt,EU
CX,Uruguay,UY,uy,SA
D2,Angola,AO,ao,AF
D4,Kap Verde,CV,cv,AF
D6,Komoren,KM,km,AF
DA,Deutschland,DE,de,EU
DF,Deutschland,DE,de,EU
DH,Deutschland,DE,de,EU
DJ,Deutschland,DE,de,EU
DK,Deutschland,DE,de,EU
DL,Deutschland,DE,de,EU
DM,Deutschland,DE,de,EU
DN,Deutschland,DE,de,EU
DO,Deutschland,DE,de,EU
DP,Deutschland,DE,de,EU
DQ,Deutschland,DE,de,EU
DR,Deutschland,DE,de,EU
DU,Philippinen,PH,ph,AS
E3,Eritrea,ER,er,AF
E4,Palästina,PS,ps,AS
E5,Cookinseln,CK,ck,OC
E7,Bosnien-Herzegowina,BA,ba,EU
EA,Spanien,ES,es,EU
EA6,Balearen,ES,es,EU
EA8,Kanarische Inseln,IC,ic,AF
EA9,Ceuta & Melilla,EA,ea,AF
EI,Irland,IE,ie,EU
EK,Armenien,AM,am,AS
EL,Liberia,LR,lr,AF
EP,Iran,IR,ir,AS
ER,Moldawien,MD,md,EU
ES,Estland,EE,ee,EU
ET,Äthiopien,ET,et,AF
EU,Belarus,BY,by,EU
EX,Kirgistan,KG,kg,AS
EY,Tadschikistan,TJ,tj,AS
EZ,Turkmenistan,TM,tm,AS
F,Frankreich,FR,fr,EU
FG,Guadeloupe,GP,gp,NA
FH,Mayotte,YT,yt,AF
FJ,St. Barthelemy,BL,bl,NA
FK,Neukaledonien,NC,nc,OC
FM,Martinique,MQ,mq,NA
FO,Französisch-Polynesien,PF,pf,OC
FO/A,Austral-Inseln,PF,pf,OC
FO/M,Marquesas-Inseln,PF,pf,OC
FP,St. Pierre & Miquelon,PM,pm,NA
FR,Réunion,RE,re,AF
FR/G,Glorioso-Inseln,TF,tf,AF
FR/J,Juan de Nova,TF,tf,AF
FR/T,Tromelin,TF,tf,AF
FS,St. Martin,MF,mf,NA
FT,Kerguelen,TF,tf,AN
FT/A,Amsterdam & St. Paul,TF,tf,AF
FT/C,Crozet-Inseln,TF,tf,AF
FW,Wallis & Futuna,WF,wf,OC
FY,Französisch-Guayana,GF,gf,SA
G,England,GB,gb,EU
GD,Isle of Man,IM,im,EU
GI,Nordirland,GB,gb,EU
GJ,Jersey,JE,je,EU
GM,Schottland,GB,gb,EU
GU,Guernsey,GG,gg,EU
GW,Wales,GB,gb,EU
H4,Salomonen,SB,sb,OC
H40,Temotu-Provinz,SB,sb,OC
HA,Ungarn,HU,hu,EU
HB,Schweiz,CH,ch,EU
HB0,Liechtenstein,LI,li,EU
HC,Ecuador,EC,ec,SA
HD8,Galapagos-Inseln,EC,ec,SA
HH,Haiti,HT,ht,NA
HI,Dominikanische Republik,DO,do,NA
HK,Kolumbien,CO,co,SA
HK0,San Andres & Providencia,CO,co,NA
HK0M,Malpelo,CO,co,SA
HL,Südkorea,KR,kr,AS
HP,Panama,PA,pa,NA
HR,Honduras,HN,hn,NA
HS,Thailand,TH,th,AS
HV,Vatikanstadt,VA,va,EU
HZ,Saudi-Arabien,SA,sa,AS
I,Italien,IT,it,EU
IS0,Sardinien,IT,it,EU
JA,Japan,JP,jp,AS
JD1,Ogasawara,JP,jp,AS
JD1M,Minami-Torishima,JP,jp,OC
JT,Mongolei,MN,mn,AS
JW,Svalbard (Spitzbergen),NO,no,EU
JX,Jan Mayen,NO,no,EU
K,USA,US,us,NA
KG4,Guantanamo Bay,US,us,NA
KH0,Marianen-Inseln,MP,mp,OC
KH2,Guam,GU,gu,OC
KH3,Johnston-Atoll,UM,um,OC
KH4,Midway-Inseln,UM,um,OC
KH5,Palmyra & Jarvis,UM,um,OC
KH5K,Kingman Reef,UM,um,OC
KH6,Hawaii,US,us,OC
KH7K,Kure-Insel,UM,um,OC
KH8,Amerikanisch-Samoa,AS,as,OC
KH8/S,Swains Island,AS,as,OC
KH9,Wake-Insel,UM,um,OC
KL7,Alaska,US,us,NA
KP1,Navassa,UM,um,NA
KP2,Jungferninseln (USA),VI,vi,NA
KP3,Navassa Island,UM,um,NA
KP4,Puerto Rico,PR,pr,NA
KP5,Desecheo,PR,pr,NA
LA,Norwegen,NO,no,EU
LU,Argentinien,AR,ar,SA
LX,Luxemburg,LU,lu,EU
LY,Litauen,LT,lt,EU
LZ,Bulgarien,BG,bg,EU
N,USA,US,us,NA
OA,Peru,PE,pe,SA
OE,Österreich,AT,at,EU
OH,Finnland,FI,fi,EU
OH0,Aland-Inseln,AX,ax,EU
OJ0,Market Reef,FI,fi,EU
OK,Tschechische Republik,CZ,cz,EU
OM,Slowakische Republik,SK,sk,EU
ON,Belgien,BE,be,EU
OX,Grönland,GL,gl,NA
OY,Färöer-Inseln,FO,fo,EU
OZ,Dänemark,DK,dk,EU
P2,Papua-Neuguinea,PG,pg,OC
P4,Aruba,AW,aw,NA
P5,Nordkorea,KP,kp,AS
PA,Niederlande,NL,nl,EU
PJ2,Curaçao,CW,cw,NA
PJ4,Bonaire,BQ,bq,NA
PJ5,Saba & St. Eustatius,BQ,bq,NA
PJ7,Sint Maarten,SX,sx,NA
PY,Brasilien,BR,br,SA
PY0F,Fernando de Noronha,BR,br,SA
PY0S,St. Peter & St. Paul Rocks,BR,br,SA
PY0T,Trindade & Martim Vaz,BR,br,SA
PZ,Suriname,SR,sr,SA
S0,Westsahara,EH,eh,AF
S2,Bangladesch,BD,bd,AS
S5,Slowenien,SI,si,EU
S7,Seychellen,SC,sc,AF
S9,São Tomé & Príncipe,ST,st,AF
SM,Schweden,SE,se,EU
SP,Polen,PL,pl,EU
ST,Sudan,SD,sd,AF
SU,Ägypten,EG,eg,AF
SV,Griechenland,GR,gr,EU
SV/A,Athos (Mönchsrepublik),GR,gr,EU
SV5,Dodekanes (Rhodos),GR,gr,EU
SV9,Kreta,GR,gr,EU
T2,Tuvalu,TV,tv,OC
T30,West-Kiribati (Gilbert Is.),KI,ki,OC
T31,Zentral-Kiribati (British Phoenix),KI,ki,OC
T32,Ost-Kiribati (Line Is.),KI,ki,OC
T33,Banaba Island (Ocean Is.),KI,ki,OC
T5,Somalia,SO,so,AF
T7,San Marino,SM,sm,EU
T8,Palau,PW,pw,OC
TA,Türkei,TR,tr,AS
TF,Island,IS,is,EU
TG,Guatemala,GT,gt,NA
TI,Costa Rica,CR,cr,NA
TI9,Cocos-Insel (Costa Rica),CR,cr,NA
TJ,Kamerun,CM,cm,AF
TK,Korsika,FR,fr,EU
TL,Zentralafrik. Republik,CF,cf,AF
TN,Kongo (Republik),CG,cg,AF
TR,Gabun,GA,ga,AF
TT,Tschad,TD,td,AF
TU,Elfenbeinküste,CI,ci,AF
TY,Benin,BJ,bj,AF
TZ,Mali,ML,ml,AF
UA,Russland (Europäischer Teil),RU,ru,EU
UA2,Kaliningrad,RU,ru,EU
UA9,Russland (Asiatischer Teil),RU,ru,AS
UN,Kasachstan,KZ,kz,AS
UR,Ukraine,UA,ua,EU
V2,Antigua & Barbuda,AG,ag,NA
V3,Belize,BZ,bz,NA
V4,St. Kitts & Nevis,KN,kn,NA
V5,Namibia,NA,na,AF
V6,Mikronesien,FM,fm,OC
V7,Marshallinseln,MH,mh,OC
V8,Brunei,BN,bn,AS
VE,Kanada,CA,ca,NA
VK,Australien,AU,au,OC
VK0M,Macquarie-Insel,AU,au,OC
VK0H,Heard-Insel,HM,hm,AF
VK9C,Cocos-Inseln (Keeling),CC,cc,OC
VK9X,Weihnachtsinsel,CX,cx,OC
VK9N,Norfolk-Insel,AU,au,OC
